room,booked,day
01.S.01,0.844880231033239,0.0
01.S.02,2.036881606664592,5.580057086176461
01.S.29,3.2299578212236604,2.50177104560621
01.S.37,1.4956397684818432,1.0346549225096289
06.S.02,1.1320449421892276,3.9900773101799394
08.S.02,0.0,0.0011337598807093507
08.S.05,0.7248535352086184,3.428396340481682
09.S.04,0.0,0.28661376454876125
valid costs	3/8
