{"r2": 0.4918509392885591, "r2_err": 0.004282465470467165, "rmse": 4.361046685746671, "rmse_err": 0.017783997261726556}
